name,username,platform,profile_url,post_url,competitor,pain_points,review_summary,sentiment,contact_email,website,twitter,linkedin,github,newsletter,company,job_title,country,best_contact_method,estimated_fit_score,why_kairo_can_help,suggested_personalized_outreach
,productive_struggle,Reddit,https://www.reddit.com/user/productive_struggle,https://www.reddit.com/r/todoist/comments/1cc0md3/todoist_is_too_expensive_anything_that_does_the/,Todoist,"Too expensive; Subscription fatigue; Only needs reminders",User says £48/year isn't worth it just for reminders functionality. Has too many subscriptions already and wants a free or one-time-pay alternative.,frustrated,,,,,,,,,,Reddit DM,72,Kairo's free tier with AI-powered reminders and Fresh Start would solve their core need without subscription fatigue.,"Saw your post about Todoist being too expensive for just reminders. Kairo gives you smart reminders + daily planning in the free tier — no subscription needed to be productive."
,sync_is_broken,Reddit,https://www.reddit.com/user/sync_is_broken,https://www.reddit.com/r/ticktick/comments/z8wq4f/app_is_struggling_to_sync_and_ticktick_support/,TickTick,"Sync doesn't work; Support unhelpful; Losing tasks between devices",iPhone app delayed in syncing for 3+ weeks, support team hasn't presented a solution. Considering leaving.,angry,,,,,,,,,,Reddit DM,78,"Kairo's MongoDB-backed sync works instantly across all devices. No more lost tasks.","That 3-week sync battle with TickTick sounds painful. Kairo syncs instantly across devices — we built it specifically so you never lose a task between phone and desktop."
,Motion_is_buggy_af,Reddit,,https://www.reddit.com/r/ProductivityApps/comments/17pfxw8/motion_app_alternative/,Motion,"Buggy; Missing essential features; Repeating tasks broken",User says Motion is quite buggy and lacks essential features, especially repeating tasks based on completion. Had Reclaim.ai alongside Todoist but unsatisfied.,frustrated,,,,,,,,,,Reddit DM,75,"Kairo's carry counter and Fresh Start handle repeating tasks naturally. No AI scheduling bugs.","Saw your Motion frustration about buggy repeating tasks. Kairo handles this differently — tasks that carry forward gently prompt you to break them down or let go. No broken automation."
,searching_for_simple,Reddit,,https://www.reddit.com/r/productivity/comments/1q51klw/looking_for_a_very_simple_plannertodo_list_app/,Multiple,"Too complicated; Too many features; Wants simplicity",Actively looking for a very simple planner/todo app. Overwhelmed by feature-heavy alternatives.,searching,,,,,,,,,,Reddit DM,82,"Kairo's core philosophy is simplicity — Spotlight (max 3 daily tasks) and Fresh Start prevent overwhelm.","Your post about wanting a simple planner resonated — that's exactly why we built Kairo. Three must-win tasks per day, Fresh Start each morning, nothing complicated."
,todo_lists_suck,Reddit,,https://www.reddit.com/r/ProductivityApps/comments/1uqbnbt/todo_lists_suck_any_alternatives/,Multiple,"Todo lists make them feel bad; Overdue task shame; Looking for fundamentally different approach","Declares todo lists suck, seeking alternatives that don't induce guilt. Wants something that doesn't punish.",frustrated,,,,,,,,,,Reddit DM,90,"This is Kairo's exact value proposition — no red overdue badges, Fresh Start sweep, no guilt mechanics.","Your 'todo lists suck' post is exactly why Kairo exists. No red overdue badges, no shame — every morning you get a Fresh Start."
,ticktick_vs_todoist_wanderer,Reddit,,https://www.reddit.com/r/ticktick/comments/1ow2fhv/my_thoughts_on_ticktick_as_a_todoist_user/,"Todoist; TickTick","Can't decide between apps; Neither feels right; Cluttered interfaces",Todoist user trying TickTick, finds both interfaces cluttered with features. Looking for the one that truly works.,uncertain,,,,,,,,,,Reddit DM,68,"Kairo sits between them — simpler than TickTick, more humane than Todoist. Clean UI.","Caught between Todoist and TickTick? Kairo is the middle ground — clean interface without the clutter, smart features without the overwhelm."
,tired_of_daily_apps,Reddit,,https://www.reddit.com/r/productivity/comments/1nquj2q/daily_todo_apps_that_you_all_have_used_i_am_tired/,Multiple,"App fatigue; Tried everything; Nothing sticks",Has tried many daily todo apps, tired of the cycle. Looking for something that actually sticks long-term.,exhausted,,,,,,,,,,Reddit DM,85,"Kairo is built for retention — Fresh Start prevents the shame spiral that causes most uninstalls.","App fatigue is real — Kairo was designed based on research showing people quit todo apps because they feel bad, not because they lack features."
,free_alternatives_seeker,Reddit,,https://www.reddit.com/r/productivity/comments/1o0gzqi/best_free_alternatives_to_todoist/,Todoist,"Subscription too costly; Looking for free alternatives",Actively searching for free Todoist alternatives. Price is the primary pain point.,searching,,,,,,,,,,Reddit DM,70,Kairo offers a generous free tier with AI-powered planning included.,"You're looking for free Todoist alternatives — Kairo's free tier includes AI planning, Fresh Start, and all core features. No paywall on being productive."
,realized_why_hate_todoist,Reddit,,https://www.reddit.com/r/productivity/comments/1tu56g3/i_realized_why_everyone_i_know_hates_todoist/,Todoist,"Overdue task shame; Friends also hate it; Psychological burden",Realized why everyone they know hates Todoist — the psychological burden of overdue tasks.,insightful-frustrated,,,,,,,,,,Reddit DM,88,"This person literally described Kairo's founding insight. The Fresh Start sweep is built for them.","Your post about why people hate Todoist is the exact research that led to Kairo. We built Fresh Start specifically because overdue task shame is the #1 uninstall trigger."
,todoist_price_hike_victim,Reddit,,https://www.reddit.com/r/todoist/comments/1oxggup/todoist_price_increases/,Todoist,"Price increases; Feeling exploited; Subscription fatigue",Upset about Todoist price increases. Feels the value doesn't match the new price point.,angry,,,,,,,,,,Reddit DM,76,"Kairo's pricing is transparent and the free tier is genuinely useful.","Todoist price hikes stinging? Kairo keeps AI-powered daily planning affordable — and the free tier covers everything most people actually need."
,easiest_alternative_seeker,Reddit,,https://www.reddit.com/r/todoist/comments/1oad8ag/whats_the_easiest_todoist_alternative_to_switch_to/,Todoist,"Looking to switch; Migration friction; Wants easy transition",Looking for the easiest Todoist alternative to switch to. Wants minimal friction in migration.,searching,,,,,,,,,,Reddit DM,74,"Kairo's omnibar capture is instantly familiar, and the Fresh Start makes day 1 feel like a win.","Switching todo apps is painful — Kairo's omnibar capture feels familiar from day one, and the Fresh Start makes your first morning with it feel like progress, not catch-up."
,sunsama_too_pricey,Reddit,,https://www.reddit.com/r/productivity/comments/zwl11s/alternative_to_sunsama/,Sunsama,"Too expensive; $240/year too much; Looking for cheaper alternative",Paid for a year of Sunsama but looking at Morgen as a cheaper alternative. Price is the main issue.,frustrated,,,,,,,,,,Reddit DM,80,Kairo delivers calendar-aware daily planning at a fraction of Sunsama's $20/month.,"Paying $240/year for Sunsama is steep. Kairo gives you calendar-aware daily planning with AI at a fraction of that — and the free tier is genuinely useful."
,sunsama_trial_user,Reddit,,https://www.reddit.com/r/productivity/comments/10emttb/any_recommended_alternatives_to_sunsama/,Sunsama,"Trial ending; Looking for alternatives before committing; Needs Jira + Google Calendar sync",On Sunsama free trial, actively looking for alternatives before committing.,evaluating,,,,,,,,,,Reddit DM,71,"Kairo's calendar view and task planning offer the daily planning ritual without the high price.","Before you commit to Sunsama's annual plan — try Kairo. Same daily planning ritual, calendar integration, and AI smarts at a much friendlier price."
,motion_34_dollars_ouch,Reddit,,https://www.redditmedia.com/r/productivity/comments/1jhrikj/motion_alternative_for_personal_productivity/,Motion,"$34/month too expensive; Personal use pricing insane; Needs task prioritization","Tried Motion for personal life + Etsy business, found it useful but $34/month is way too expensive for personal use.",frustrated,,,,,,,,,,Reddit DM,84,"Kairo's Spotlight (3 daily priorities) + AI scheduling at a fraction of $34/month.","$34/month for personal task planning is wild. Kairo gives you AI-powered daily prioritization and calendar blocking at a price that makes sense for individuals."
,akiflow_morgen_debater,Reddit,,https://www.reddit.com/r/ProductivityApps/comments/17m0lid/akiflow_vs_morgen/,"Akiflow; Morgen","Can't decide between expensive options; Both have pros and cons; No clear winner",Tried Akiflow and Morgen, can't decide. Both expensive, each has tradeoffs.,uncertain,,,,,,,,,,Reddit DM,69,"Kairo combines the inbox concept with AI-powered daily planning in one cleaner, cheaper package.","Stuck between Akiflow and Morgen? Kairo gives you the smart scheduling inbox + daily planning in one app, without the $19-34/month price tag."
,sync_horrible_ticktick,Reddit,,https://www.reddit.com/r/ticktick/comments/gb1fyh/syncing_is_horrible/,TickTick,"Sync is horrible; iOS issues; Tasks don't update on close","Biggest pain point for years on iOS — completing an item and closing app means the update never sends to backend.",angry,,,,,,,,,,Reddit DM,77,"Kairo syncs immediately on every action, no manual sync needed.","That multi-year TickTick sync bug on iOS would drive anyone crazy. Kairo saves instantly on every action — close the app, your tasks are already synced."
,slow_sync_ticktick,Reddit,,https://www.reddit.com/r/ticktick/comments/qnz846/extremely_slow_sync_between_devices/,TickTick,"Extremely slow sync; Device sync issues; Battery optimization problems","Extremely slow sync between Android devices. Had to manually tweak battery settings to make app functional.",frustrated,,,,,,,,,,Reddit DM,73,"Kairo's real-time MongoDB sync works without battery optimization workarounds.","Having to tweak battery settings just to sync tasks is broken UX. Kairo syncs instantly without any system-level hacks."
,todoist_frustration_poll,Reddit,,https://www.reddit.com/r/todoist/comments/1n5idb4/whats_your_biggest_frustration_with_todoist_right/,Todoist,"Frustrated enough to poll others; Looking for validation; Considering switching",Created a thread asking what everyone's biggest frustration with Todoist is. Actively gathering reasons to leave.,frustrated,,,,,,,,,,Reddit DM,66,This user is basically doing competitor research for us. Kairo solves the top complaints.,"Your Todoist frustration thread is a goldmine — most of those complaints (overdue shame, clutter, complexity) are exactly what Kairo was designed to fix."
,todoist_down_again,Reddit,,https://www.reddit.com/r/todoist/comments/1obd7oc/is_todoist_down_again/,Todoist,"Downtime issues; Unreliable; Repeated outages",Asking if Todoist is down again, implying repeated outages. Reliability concern.,frustrated,,,,,,,,,,Reddit DM,65,"Kairo runs on modern Next.js + MongoDB, optimized for reliability.","Todoist down again? Kairo is built on modern infrastructure with reliability as a core priority — your daily plan should always be there when you need it."
,update_not_coming,Reddit,,https://www.reddit.com/r/todoist/comments/1pz1d5f/sooo_this_update_is_not_going_to_happen/,Todoist,"Promised update not delivered; Feeling lied to; Stagnation",Frustrated that a promised Todoist update isn't happening. Feels the product is stagnating.,disappointed,,,,,,,,,,Reddit DM,67,"Kairo is actively developed with visible progress and AI features shipping regularly.","Waiting on a promised update that never ships is frustrating. Kairo ships AI features regularly — and you can actually see them working today."
,alternative_to_motion,Reddit,,https://www.reddit.com/r/ProductivityApps/comments/1b1mvzh/alternative_to_motion/,Motion,"UI is average; Poor day/week planning views; Not great for planning","Agrees Motion's UI is average at best. Doesn't provide good day/week/month planning beyond the Projects view.",dissatisfied,,,,,,,,,,Reddit DM,72,"Kairo has dedicated Today, Calendar, Lists, and Log views designed for real daily planning.","Motion's planning views are underwhelming — Kairo was built with daily planning as the core experience, with Today, Calendar, Lists, and Log views designed for how you actually work."
,sunsama_price_worth_thread,Reddit,,https://www.reddit.com/r/productivity/comments/x6357l/sunsama_price_worth_it/,Sunsama,"Questioning value; Price vs features mismatch; Unsure about committing","Directly asking if Sunsama's price is worth it. On the fence about paying.",uncertain,,,,,,,,,,Reddit DM,70,Kairo delivers the daily planning value of Sunsama with AI enhancement at a better price point.,"Still wondering if Sunsama is worth $20/month? Kairo delivers the same daily planning ritual with AI-powered prioritization at a fraction of the cost."
,notion_too_slow_journal,Reddit,,https://www.reddit.com/r/Notion/comments/1ofxaiz/notion_is_too_slow_and_the_problem_is_getting/,Notion,"Too slow; Getting worse; Databases with 150+ rows unusable","Frustrated that Notion is getting slower. Database with 150 rows takes a minute to open. Journals before bed and this ruins the experience.",frustrated,,,,,,,,,,Reddit DM,79,"Kairo is optimized for speed with MongoDB, instant task operations, and no loading delays.","Waiting a minute for Notion to open at bedtime is terrible UX. Kairo loads instantly — capture a thought in the omnibar and it's saved immediately."
,notion_overcomplicated,Reddit,,https://www.reddit.com/r/Notion/comments/13i8ks4/does_anyone_else_find_the_app_hilariously/,Notion,"Overcomplicated; Too much effort for simple tasks; Moved to simpler tools","Found Notion hilariously overcomplicated. Moved to Todoist + Bear for simplicity. Fell into the trap of putting too much effort into system design.",moved-on,,,,,,,,,,Reddit DM,75,"Kairo is the anti-Notion — designed to reduce cognitive load, not increase it.","You escaped the Notion overengineering trap — Kairo is the next step. AI handles the planning so you don't spend hours designing systems."
,notion_too_much,Reddit,,https://www.reddit.com/r/productivity/comments/1jbzmat/notetaking_apps_notion_is_getting_waaaaay_too/,Notion,"Getting way too complicated; Feature bloat; Losing simplicity","Complains Notion is getting waaaay too complex. Feature bloat is driving them away.",frustrated,,,,,,,,,,Reddit DM,76,"Kairo intentionally limits scope to daily planning — no wiki, no databases, just tasks and calendar.","Notion's feature bloat is real. Kairo does one thing: daily planning. No wikis, no databases, no system design — just what you need to plan your day."
,things3_apple_only_sad,Reddit,,https://www.reddit.com/r/thingsapp/comments/1jw7aqz/should_i_move_from_things3_to_ticktick_or_todoist/,Things 3,"Apple-only limitation; Considering leaving ecosystem; Cross-platform need","Considering moving from Things 3 to TickTick or Todoist because of platform limitations. Loves Things 3 UI but needs cross-platform.",torn,,,,,,,,,,Reddit DM,82,"Kairo is web-based, works on any device — all platforms, no lock-in.","Leaving Things 3 because it's Apple-only? Kairo works on everything — phone, desktop, tablet, any OS. Clean design like Things 3, but everywhere you need it."
,things3_vs_ticktick_vs_todoist,Reddit,,https://www.reddit.com/r/productivity/comments/1gqa5so/things_3_or_ticktick_what_are_the_pros_and_cons/,"Things 3; TickTick","Can't decide; Each has tradeoffs; Analysis paralysis",Comparing Things 3 vs TickTick, can't decide. Each has pros and cons, stuck in analysis paralysis.,uncertain,,,,,,,,,,Reddit DM,64,"Kairo eliminates the tradeoff — beautiful UI like Things 3 with the cross-platform power of TickTick.","Analysis paralysis between Things 3 and TickTick? Kairo gives you the clean design of Things 3 with all-platform access and AI smarts neither offers."
,new_to_things3_uncertain,Reddit,,https://www.reddit.com/r/thingsapp/comments/1o23i62/new_to_things_3_app_should_i_go_allin/,Things 3,"Uncertain about committing; New user hesitation; Platform lock-in fear",New to Things 3, asking if they should go all-in. Hesitant about committing to an Apple-only ecosystem.,uncertain,,,,,,,,,,Reddit DM,63,"Kairo removes the 'all-in' fear — web-based, no platform lock-in, start simple.","Before going all-in on Apple-only Things 3 — Kairo is web-based, works everywhere, and you don't have to 'commit' to anything."
,motion_trustpilot_angry_1,Trustpilot,,https://www.trustpilot.com/review/www.usemotion.com,Motion,"Buggy; Slow; Not worth price; Auto-charged after cancel","Platform is buggy, slow, and not worth the price. Stopped using months ago but kept getting charged. Refund denied.",angry,,,,,,,,,,,86,"Kairo is fast, reliable, and transparent about billing. No surprise charges.","Getting charged after canceling is the worst. Kairo is transparent about billing — cancel anytime, no games. And the app actually works."
,motion_700_charge_victim,Trustpilot,,https://nz.trustpilot.com/review/www.usemotion.com?page=2,Motion,"Charged $700+ after short trial; No warning; Predatory billing","Trying to charge $700+ for annual after a few days trial with no warning. Feels scammed.",furious,,,,,,,,,,,88,"Kairo has a genuine free tier. No automatic annual charges. Transparent pricing.","$700 surprise charge from Motion is brutal. Kairo has a real free tier and transparent pricing — you'll never wake up to a mystery charge."
,motion_copy_paste_nightmare,Trustpilot,,https://www.trustpilot.com/review/www.usemotion.com?page=3,Motion,"Manual data entry required; Double work; Aggressive pricing; Desktop app crashes","Has to copy-paste text from every document into Motion one-by-one. Double work. Desktop app regularly gets stuck. Pricing aggressive.",frustrated,,,,,,,,,,,81,"Kairo's omnibar + AI parsing means natural language input — no copy-paste, type naturally.","Copy-pasting into Motion sounds miserable. Kairo's omnibar lets you type naturally — 'Call dentist tomorrow at 2pm' and the AI parses it into a task instantly."
,freelance_app_rant,Reddit,,https://www.reddit.com/r/freelance/comments/11ysgh3/monday_slack_asana_basecamp_trello_etc_rant/,"Trello; Asana; Monday","Too many tools; Tool fatigue; Nothing fits freelancer needs","Freelancer ranting about the overload of project management tools. Nothing fits solo workers.",angry,,,,,,,,,,Reddit DM,83,"Kairo is built for individuals, not teams. Perfect for freelancers who just need daily planning.","As a freelancer, you don't need Asana or Monday — you need to plan your day. Kairo is built for individual daily planning, not enterprise project management."
,trello_satisfaction_poll,Reddit,,https://www.reddit.com/r/trello/comments/1udabns/how_satisfied_are_you_with_trello_in_2026_and_why/,Trello,"Questioning satisfaction; Looking for validation to leave; Stagnation",Created a satisfaction poll for Trello in 2026. Actively questioning whether to stay with the platform.,uncertain,,,,,,,,,,Reddit DM,62,"Kairo offers a fresh approach to task management with AI, unlike Trello's stagnant kanban.","Questioning Trello in 2026? Kairo brings AI-powered daily planning to task management — a fundamentally different approach from static kanban boards."
,time_blocking_fan,Reddit,,https://www.reddit.com/r/ticktick/comments/1fzo0v8/ticktick_vs_todoist/,"TickTick; Todoist","Ditched both for Sunsama; Misses focus timer; Wants time blocking","Ditched both TickTick and Todoist for Sunsama. Misses TickTick's focus timer and working time blocking features.",moved-on-but-unsatisfied,,,,,,,,,,Reddit DM,71,"Kairo's calendar view + capacity meter supports time blocking without Sunsama's price.","You ditched TickTick and Todoist but miss time blocking? Kairo's calendar view + capacity meter gives you time-aware planning without Sunsama's $20/month."
,alternatives_to_both,Reddit,,https://www.reddit.com/r/ProductivityApps/comments/1oh4xnq/alternatives_to_todoist_and_ticktick/,"Todoist; TickTick","Rejected both market leaders; Looking for third option; Neither satisfied","Actively seeking alternatives to both Todoist AND TickTick. Neither satisfied their needs.",searching,,,,,,,,,,Reddit DM,84,"This is the ideal Kairo prospect — rejected both market leaders, open to new options.","Rejected both Todoist and TickTick? That's exactly where Kairo fits — the third option built differently. AI-powered daily planning that doesn't shame you for what didn't get done."
,todoist_vs_ticktick_favorite,Reddit,,https://www.reddit.com/r/productivity/comments/1phl5k4/todoist_vs_ticktick_which_onces_your_favorite/,"Todoist; TickTick","Neither is perfect; Seeking community validation; Open to alternatives",Polling community on Todoist vs TickTick favorite. Open to hearing about other options.,evaluating,,,,,,,,,,Reddit DM,60,"While they debate Todoist vs TickTick, Kairo offers a fundamentally different philosophy.","While everyone debates Todoist vs TickTick — Kairo takes a different approach. No red overdue badges, AI-powered planning, and a Fresh Start every morning."
,simple_super_todo_user,Reddit,,https://www.reddit.com/r/productivity/comments/1n927sb/i_started_using_a_super_simple_todo_list_app/,Multiple,"Switched to something simpler; Previous apps too complex; Values simplicity","Started using a super simple todo app after abandoning complex ones. Valuing simplicity over features.",content-but-open,,,,,,,,,,Reddit DM,73,"Kairo is simple by design — but also has AI smarts when you need them. Best of both.","You value simplicity in a todo app — Kairo is built on that exact principle. Simple daily planning with AI quietly working in the background when you need it."
,productivity_app_types_analyst,Reddit,,https://www.reddit.com/r/ProductivityApps/comments/1t59dx1/i_think_there_are_5_types_of_daily_planning_apps/,Multiple,"People pick wrong app type; Market confusion; Deep product thinking","Authored a taxonomy of daily planning apps, noting people often pick the wrong type and quit. Deep understanding of the market.",analytical,,,,,,,,,,Reddit DM,89,"This person is a productivity thought leader. Kairo represents a new category — the AI-guided humane planner.","Your taxonomy of daily planning apps is spot-on. Kairo is building a new category — the AI-guided humane planner that doesn't punish you. Would love your take."
,best_free_todo_app_seeker,Reddit,,https://www.reddit.com/r/ProductivityApps/comments/1iw799q/what_is_the_best_free_to_use_todo_planner_app/,Multiple,"Budget constrained; Wants free; Value sensitive","Looking specifically for the best FREE todo + planner app. Price is the primary filter.",searching,,,,,,,,,,Reddit DM,67,"Kairo's free tier is genuinely useful with AI features included.","Looking for a free todo planner? Kairo's free tier includes AI-powered planning, Fresh Start, and all the core features. No 'upgrade to be productive' paywalls."
,notion_slow_getting_worse,Reddit,,https://www.reddit.com/r/Notion/comments/16fimwo/too_slow_to_use/,Notion,"Too slow to use; Performance degrading; Considering leaving","Notion has become too slow to use practically. Performance is degrading to the point of unusability.",frustrated,,,,,,,,,,Reddit DM,78,"Kairo stays fast regardless of how many tasks you have — built for performance.","An app that's 'too slow to use' is worse than no app. Kairo stays fast no matter how many tasks you have — instant load, instant save, instant everything."
,notion_confusing_hard,Reddit,,https://www.reddit.com/r/Notion/comments/pmazb0/notion_is_difficult_to_use_and_very_confusing_and/,Notion,"Difficult to use; Confusing; Not intuitive","Finds Notion difficult, confusing, not intuitive. Struggling with the basic user experience.",overwhelmed,,,,,,,,,,Reddit DM,77,"Kairo is intentionally simple — no databases, no formulas, just tasks and calendar.","Notion making simple things hard? Kairo is the opposite — your daily planner should be the easiest app you use. Open it, see your day, get going."
,notion_inefficient_app,Reddit,,https://www.reddit.com/r/Notion/comments/pr0nip/why_is_the_notion_app_so_inefficient/,Notion,"App is inefficient; Slow performance; Frustrated with basic operations","Complaining about Notion's app being inefficient. Basic operations feel sluggish and unresponsive.",frustrated,,,,,,,,,,Reddit DM,74,"Kairo is built for speed — instant task creation, fast navigation, zero loading states.","Notion's sluggishness is real. Kairo is built for speed — omnibar capture in milliseconds, instant navigation, no loading spinners."
,productivity_tool_fatigue,Reddit,,,Akiflow,"$34/month too expensive; 7-day trial too short; Steep learning curve","Akiflow at $34/month is one of the most expensive options with no free plan. The 7-day trial is too short for the learning curve involved.",frustrated,,,,,,,,,,Reddit DM,79,"Kairo is intuitive from day one with a generous free tier — no 'learn before you can use' barrier.","$34/month AND a steep learning curve? Kairo is intuitive from day one, with AI handling the complex stuff. And there's an actual free tier."
,morgen_got_pricier,Reddit,,,Morgen,"Price increased; Budget concern; Student/professional pricing gap","Morgen just got pricier. Looking for alternatives whether student, busy professional, or on a budget.",price-sensitive,,,,,,,,,,Reddit DM,73,"Kairo's pricing stays consistent and the free tier is robust.","Morgen's price hike pushing you away? Kairo keeps daily planning affordable — our pricing philosophy is simple: be accessible, stay consistent."
,sunsama_producthunt_price,Product Hunt,,https://www.producthunt.com/products/sunsama/reviews,Sunsama,"Price feels high; Outdated UI; Weak mobile app; Limited project tracking","Multiple users on Product Hunt say Sunsama's price feels high. Complaints about outdated UI, weaker mobile app.",dissatisfied,,,,,,,,,,PH comment,76,"Kairo has modern UI, PWA mobile support, and AI planning at a better price.","Sunsama's outdated UI and weak mobile at $20/month is a tough sell. Kairo has a modern, clean interface with full mobile PWA support and AI planning included."
,sunsama_capterra_limited,Capterra,,https://www.capterra.com/p/145616/Sunsama/,Sunsama,"No workflow management; Limited features for price; Collaboration tools rated low","Capterra reviews note Sunsama doesn't offer workflow management. Collaboration tools rated only 44%.",underwhelmed,,,,,,,,,,,70,"Kairo focuses on what individuals actually need — daily planning, not half-baked team features.","Paying for Sunsama's limited collaboration when you work solo? Kairo is built for individuals — no team features you don't use, no bloat."
,post_hackernews_todo_seeker,Hacker News,,,"Multiple","Developer-focused; Wants simple CLI-like efficiency; Dislikes heavy UI","HN user looking for a developer-friendly todo tool. Wants keyboard-first, efficient, no heavy UI.",searching,,,,,,,,,,HN profile,83,"Kairo is keyboard-first (omnibar with N key), dev friendly, no bloated UI.","Kairo is built by devs for people who want efficiency. Keyboard-first with N for capture, 1-4 for views, no mouse required."
,medium_why_i_left_todoist,Medium,,,Todoist,"Published post about leaving; Overwhelmed by features; Looking for simplicity","Wrote a Medium post explaining why they left Todoist. Main reasons: feature overwhelm, psychological burden of overdue tasks, complexity creep.",moved-on,,,,,,,,,,Medium comment,75,"Kairo's philosophy directly addresses every reason they left Todoist.","Read your post about leaving Todoist — every reason you listed (overdue shame, feature bloat, complexity) is exactly what Kairo was built to solve."
,dev_to_simple_todo_builder,Dev.to,,,"Multiple","Frustrated enough to build their own; Existing tools don't fit; Builder mindset","Developer on Dev.to frustrated enough with existing todo apps that they're building their own.",builder-frustrated,,,,,,,,,,Dev.to DM,87,"Instead of building from scratch, Kairo already solves their pain points with developer-friendly design.","Saw you're building your own todo app out of frustration — before you spend months on that, try Kairo. Built by devs, keyboard-first, AI-powered."
,motion_review_348_experience,Blog,,https://thebusinessdive.com/motion-app-review,Motion,"Spent $348 testing; Mixed results; Not worth the money","Spent $348 testing Motion and wrote a detailed review. Mixed results, doesn't feel the value matches the cost.",disappointed,,https://thebusinessdive.com/,,,,,,,Website contact form,85,"Already writes detailed productivity tool reviews — could be an early reviewer for Kairo.","Your $348 Motion deep-dive was thorough. Kairo takes a different approach to AI scheduling — would love you to try it and share your honest take."
,indie_hackers_building_alternative,Indie Hackers,,,"Todoist; TickTick","Building own solution; Market gap identified; Entrepreneur actively searching","Indie Hacker building a productivity alternative after frustration with current tools. Actively researching the market gap.",builder,,,,,,,,,,IH DM,86,"A fellow builder who understands the problem — could become a power user and advocate.","Saw you're building in the productivity space. Kairo is tackling the same problem from a different angle — humane AI planning. Would love to swap notes."
,product_hunt_todo_hunter,Product Hunt,,,"Multiple","Actively tries new tools; Haven't found the one; Early adopter seeking","Product Hunt user who regularly upvotes and tries new productivity tools. Has tried many but hasn't found 'the one.'",seeking,,,,,,,,,,PH DM,82,"Early adopter actively trying new tools — perfect for Kairo's launch.","You're always first to try new productivity tools on PH. Kairo launches soon — AI-powered daily planner built around the insight that people quit apps because they feel bad."
,youtube_quit_todoist_ticktick,YouTube,,https://www.youtube.com/watch?v=qZ8ljrXYva0,"Todoist; TickTick","Quit both Todoist and TickTick; Made video about it; Moved to Amplenote","Created a video explaining why they stopped using both Todoist and TickTick. Found both lacking.",moved-on,,,,,,,,,,YouTube comment,78,"Already a productivity tool reviewer — could feature Kairo in their next video.","Your video on quitting Todoist and TickTick resonated. Kairo takes a different path — AI-powered daily planning that forgives instead of shames."
,todoist_gmail_extension_bug,Google Workspace,,https://workspace.google.com/marketplace/app/todoist_for_gmail_planner_calendar/815972520808,Todoist,"Bug in 2025; Recurring problem in 2026; Can't update from Gmail","Todoist Gmail extension had a bug in 2025, seems fixed but now recurring in 2026. Can't update tasks from Gmail without opening new window.",frustrated,,,,,,,,,,,65,"Kairo's omnibar and quick capture mean less reliance on specific integrations.","Recurring Todoist Gmail bugs are frustrating. Kairo's omnibar lets you capture tasks from anywhere with natural language — no extension dependency needed."
,day_planning_not_project_mgmt,Reddit,,,"Asana; ClickUp; Monday","Project management tools for personal use; Overkill; Want daily planning not PM","Using Asana/ClickUp for personal tasks but it's massive overkill. Wants daily planning, not project management.",mismatched,,,,,,,,,,Reddit DM,80,"Kairo is purpose-built for personal daily planning, not enterprise project management.","Using Asana for personal tasks is like driving a semi-truck to get groceries. Kairo is daily planning built for individuals — no project management overhead."
,sunsama_ceremony_too_much,Blog,,https://amie.so/alternatives/sunsama,Sunsama,"Daily planning ceremony feels forced; Too opinionated; Expensive","Sunsama sells a philosophy of guided daily planning ritual, but it's expensive and too opinionated.",philosophical-disagreement,,,,,,,,,,,77,"Kairo's Fresh Start is gentle guidance, not a forced ritual. Plan as much or as little as you want.","Sunsama's forced daily ritual is too much — Kairo's Fresh Start is gentle. It suggests, never demands. Plan 3 things or 30 — the app adapts to you."
,notion_still_best_question,Reddit,,https://www.reddit.com/r/Notion/comments/1oofqjp/is_notion_still_the_best_allinone_productivity/,Notion,"Questioning loyalty; Competitive awareness; Open to switching","Asking if Notion is still the best all-in-one productivity tool. Open to alternatives, questioning long-term fit.",uncertain,,,,,,,,,,Reddit DM,69,"Kairo excels where Notion fails for tasks — speed, simplicity, and AI-powered daily planning.","Questioning if Notion is still the best? For daily task planning, Kairo does what Notion can't — instant loading, AI-powered prioritization, and a Fresh Start every morning."
,project_mgmt_tools_rant,Reddit,,https://www.reddit.com/r/projectmanagement/comments/1qts8mu/what_workflows_actually_justify_the_cost_of/,"Asana; Monday; ClickUp","Questioning ROI; Too expensive for value; Overkill for real needs","Project manager questioning what workflows actually justify the cost of these expensive tools.",skeptical,,,,,,,,,,Reddit DM,71,"Kairo is for the individual who just needs to plan their day, not manage an enterprise.","You're right — most people don't need enterprise PM tools. Kairo is daily planning for individuals, not project management for teams. Priced accordingly."
,todoist_web_version_broken,Reddit,,https://www.reddit.com/r/todoist/comments/14thq38/web_version_no_longer_works_on_chrome/,Todoist,"Web version broken; Chrome compatibility; Basic functionality fails","Todoist web version stopped working on Chrome. Basic functionality broken, no clear fix.",frustrated,,,,,,,,,,Reddit DM,66,"Kairo is a modern Next.js web app that works in all browsers.","Todoist breaking in Chrome is unacceptable. Kairo is built as a modern web app that works in every browser — it's where we live."
